True-Genotype	Called-Genotype	Correct	Missed-Alleles	Correct-Alleles	Candidate-Alleles	All-Alleles-Cand	Alleles-Not-Cand	Alt-Phase-Alleles	All-Alleles-Alt-Phase	Alleles-Not-Alt-Phase
*10/*10	*10/*10	100%		*10;*10	*10;*1;*10;*1;	N/A		;	N/A	
*10/*11	*10/*11	100%		*10;*11	*11;*1;*10;*1;	N/A		;	N/A	
*10/*12	*10/*12	100%		*10;*12	*10;*1;*12;*1;	N/A		;	N/A	
*10/*13	*10/*13	100%		*10;*13	*10;*1;*13;*1;	N/A		;	N/A	
*10/*14	*10/*14	100%		*10;*14	*10;*1;*14;*1;	N/A		;	N/A	
*10/*15	*10/*15	100%		*10;*15	*15;*1;*10;*1;	N/A		;	N/A	
*10/*16	*10/*16	100%		*10;*16	*10;*1;*16;*38;	N/A		;	N/A	
*10/*17	*10/*17	100%		*10;*17	*17;*1;*10;*1;	N/A		;	N/A	
*10/*18	*10/*18	100%		*10;*18	*10;*1;*18;*1;	N/A		;	N/A	
*10/*19	*10/*19	100%		*10;*19	*10;*1;*19;*1;	N/A		;	N/A	
*10/*22	*10/*22	100%		*10;*22	*22;*1;*10;*1;	N/A		;	N/A	
*10/*23	*10/*23	100%		*10;*23	*10;*1;*23;*1;	N/A		;	N/A	
*10/*24	*10/*24	100%		*10;*24	*10;*1;*24;*1;	N/A		;	N/A	
*10/*25	*10/*25	100%		*10;*25	*10;*1;*25;*1;	N/A		;	N/A	
*10/*26	*10/*26	100%		*10;*26	*10;*1;*26;*1;	N/A		;	N/A	
*10/*28	*10/*28	100%		*10;*28	*28;*1;*10;*1;	N/A		;	N/A	
*10/*29	*10/*29	100%		*10;*29	*10;*1;*29;*1;	N/A		;	N/A	
*10/*30	*10/*30	100%		*10;*30	*10;*1;*30;*38;	N/A		;	N/A	
*10/*31	*10/*31	100%		*10;*31	*10;*1;*31;*1;	N/A		;	N/A	
*10/*32	*10/*32	100%		*10;*32	*10;*1;*32;*1;	N/A		;	N/A	
*10/*33	*10/*33	100%		*10;*33	*10;*1;*33;*1;	N/A		;	N/A	
*10/*34	*10/*34	100%		*10;*34	*34;*1;*10;*38;	N/A		;	N/A	
*10/*35	*1/*35	50%	*10	*35	*1;*35;*10;*1;	Yes		;	N/A	
*10/*36	*10/*10	50%	*36	*10	*10;*1;*10;*1;	No	*36	;	No	*36
*10/*36	*10/*10	50%	*36	*10	*10;*1;*10;*1;	No	*36	;	No	*36
*10/*37	*10/*10	50%	*37	*10	*10;*38;*10;*1;	No	*37	;	No	*37
*10/*37	*10/*38	50%	*37	*10	*10;*1;*38;	No	*37	;	No	*37
*10/*37	*10/*38	50%	*37	*10	*10;*1;*38;	No	*37	;	No	*37
*10/*37	*10/*10	50%	*37	*10	*10;*1;*10;*1;	No	*37	;	No	*37
*10/*37	*10/*10	50%	*37	*10	*10;*1;*10;*1;	No	*37	;	No	*37
*10/*38	*10/*38	100%		*10;*38	*10;*1;*38;	N/A		;	N/A	
*10/*39	*10/*15	50%	*39	*10	*15;*1;*10;*1;	No	*39	*39;	Yes	
*1/*10	*1/*10	100%		*1;*10	*10;*1;*1;	N/A		;	N/A	
*11/*11	*11/*11	100%		*11;*11	*11;*1;*11;*1;	N/A		;	N/A	
*11/*12	*11/*12	100%		*11;*12	*11;*1;*12;*1;	N/A		;	N/A	
*11/*13	*11/*13	100%		*11;*13	*11;*1;*13;*1;	N/A		;	N/A	
*11/*14	*11/*14	100%		*11;*14	*11;*1;*14;*1;	N/A		;	N/A	
*11/*15	*11/*15	100%		*11;*15	*15;*1;*11;*1;	N/A		;	N/A	
*11/*16	*11/*16	100%		*11;*16	*11;*1;*16;*38;	N/A		;	N/A	
*11/*17	*11/*17	100%		*11;*17	*17;*1;*11;*1;	N/A		;	N/A	
*11/*18	*11/*18	100%		*11;*18	*11;*1;*18;*1;	N/A		;	N/A	
*11/*19	*11/*19	100%		*11;*19	*11;*1;*19;*1;	N/A		;	N/A	
*1/*11	*1/*11	100%		*1;*11	*11;*1;*1;	N/A		;	N/A	
*11/*22	*11/*22	100%		*11;*22	*11;*1;*22;*1;	N/A		;	N/A	
*11/*23	*11/*23	100%		*11;*23	*11;*1;*23;*1;	N/A		;	N/A	
*11/*24	*11/*24	100%		*11;*24	*11;*1;*24;*1;	N/A		;	N/A	
*11/*25	*11/*25	100%		*11;*25	*11;*1;*25;*1;	N/A		;	N/A	
*11/*26	*11/*26	100%		*11;*26	*11;*1;*26;*1;	N/A		;	N/A	
*11/*28	*11/*28	100%		*11;*28	*28;*1;*11;*1;	N/A		;	N/A	
*11/*29	*11/*29	100%		*11;*29	*11;*1;*29;*1;	N/A		;	N/A	
*1/*12	*1/*12	100%		*1;*12	*1;*12;*1;	N/A		;	N/A	
*11/*30	*11/*30	100%		*11;*30	*11;*1;*30;*38;	N/A		;	N/A	
*11/*31	*11/*31	100%		*11;*31	*11;*1;*31;*1;	N/A		;	N/A	
*11/*32	*11/*32	100%		*11;*32	*11;*1;*32;*1;	N/A		;	N/A	
*11/*33	*11/*33	100%		*11;*33	*11;*1;*33;*1;	N/A		;	N/A	
*11/*34	*11/*34	100%		*11;*34	*34;*1;*11;*38;	N/A		;	N/A	
*11/*35	*1/*35	50%	*11	*35	*1;*35;*11;*1;	Yes		;	N/A	
*11/*36	*11/*11	50%	*36	*11	*11;*1;*11;*1;	No	*36	;	No	*36
*11/*36	*11/*11	50%	*36	*11	*11;*1;*11;*1;	No	*36	;	No	*36
*11/*37	*11/*11	50%	*37	*11	*11;*38;*11;*1;	No	*37	;	No	*37
*11/*37	*11/*11	50%	*37	*11	*11;*38;*11;*1;	No	*37	;	No	*37
*11/*37	*11/*38	50%	*37	*11	*11;*1;*38;	No	*37	;	No	*37
*11/*37	*11/*11	50%	*37	*11	*11;*1;*11;*1;	No	*37	;	No	*37
*11/*37	*11/*11	50%	*37	*11	*11;*1;*11;*1;	No	*37	;	No	*37
*11/*38	*11/*38	100%		*11;*38	*11;*1;*38;	N/A		;	N/A	
*11/*39	*11/*15	50%	*39	*11	*15;*1;*11;*1;	No	*39	*39;	Yes	
*1/*13	*1/*13	100%		*1;*13	*1;*13;*1;	N/A		;	N/A	
*1/*14	*1/*14	100%		*1;*14	*1;*14;*1;	N/A		;	N/A	
*1/*15	*1/*15	100%		*1;*15	*15;*1;*1;	N/A		;	N/A	
*1/*16	*16/*38	50%	*1	*16	*38;*16;*1;	Yes		;	N/A	
*1/*17	*1/*17	100%		*1;*17	*17;*1;*1;	N/A		;	N/A	
*1/*18	*1/*18	100%		*1;*18	*1;*18;*1;	N/A		;	N/A	
*1/*19	*1/*19	100%		*1;*19	*1;*19;*1;	N/A		;	N/A	
*1/*1	*1/*1	100%		*1;*1	*1;*1;	N/A		;	N/A	
*12/*12	*12/*12	100%		*12;*12	*12;*1;*12;*1;	N/A		;	N/A	
*12/*13	*1/*12	50%	*13	*12	*1;*12;*13;*1;	Yes		;	N/A	
*12/*14	*1/*12	50%	*14	*12	*1;*12;*14;*1;	Yes		;	N/A	
*12/*15	*12/*15	100%		*12;*15	*15;*1;*12;*1;	N/A		;	N/A	
*12/*16	*16/*38	50%	*12	*16	*38;*16;*12;*1;	Yes		;	N/A	
*12/*17	*12/*17	100%		*12;*17	*17;*1;*12;*1;	N/A		;	N/A	
*12/*18	*1/*12	50%	*18	*12	*1;*12;*18;*1;	Yes		;	N/A	
*12/*19	*1/*19	50%	*12	*19	*1;*19;*12;*1;	Yes		;	N/A	
*12/*22	*12/*22	100%		*12;*22	*22;*1;*12;*1;	N/A		;	N/A	
*12/*23	*1/*12	50%	*23	*12	*1;*12;*23;*1;	Yes		;	N/A	
*12/*24	*1/*24	50%	*12	*24	*1;*24;*12;*1;	Yes		;	N/A	
*12/*25	*1/*25	50%	*12	*25	*1;*25;*12;*1;	Yes		;	N/A	
*12/*26	*1/*26	50%	*12	*26	*1;*26;*12;*1;	Yes		;	N/A	
*12/*28	*12/*28	100%		*12;*28	*28;*1;*12;*1;	N/A		;	N/A	
*12/*29	*1/*12	50%	*29	*12	*1;*12;*29;*1;	Yes		;	N/A	
*1/*22	*1/*22	100%		*1;*22	*22;*1;*1;	N/A		;	N/A	
*12/*30	*12/*38	50%	*30	*12	*38;*12;*30;*1;	Yes		;	N/A	
*12/*31	*1/*12	50%	*31	*12	*1;*12;*31;*1;	Yes		;	N/A	
*12/*32	*1/*12	50%	*32	*12	*1;*12;*32;*1;	Yes		;	N/A	
*12/*33	*1/*12	50%	*33	*12	*1;*12;*33;*1;	Yes		;	N/A	
*12/*34	*12/*34	100%		*12;*34	*34;*1;*12;*38;	N/A		;	N/A	
*12/*35	*1/*35	50%	*12	*35	*1;*35;*12;*1;	Yes		;	N/A	
*12/*36	*12/*12	50%	*36	*12	*12;*1;*12;*1;	No	*36	;	No	*36
*12/*36	*12/*12	50%	*36	*12	*12;*1;*12;*1;	No	*36	;	No	*36
*12/*37	*12/*38	50%	*37	*12	*38;*12;*1;	No	*37	;	No	*37
*12/*37	*12/*38	50%	*37	*12	*38;*12;*1;	No	*37	;	No	*37
*12/*37	*12/*38	50%	*37	*12	*38;*12;*1;	No	*37	;	No	*37
*12/*37	*1/*12	50%	*37	*12	*1;*12;*1;	No	*37	;	No	*37
*12/*37	*1/*12	50%	*37	*12	*1;*12;*1;	No	*37	;	No	*37
*12/*38	*12/*38	100%		*12;*38	*38;*12;*1;	N/A		;	N/A	
*12/*39	*12/*15	50%	*39	*12	*15;*1;*12;*1;	No	*39	*39;	Yes	
*1/*23	*1/*23	100%		*1;*23	*1;*23;*1;	N/A		;	N/A	
*1/*24	*1/*24	100%		*1;*24	*1;*24;*1;	N/A		;	N/A	
*1/*25	*1/*25	100%		*1;*25	*1;*25;*1;	N/A		;	N/A	
*1/*26	*1/*26	100%		*1;*26	*1;*26;*1;	N/A		;	N/A	
*1/*28	*1/*28	100%		*1;*28	*28;*1;*1;	N/A		;	N/A	
*1/*29	*1/*29	100%		*1;*29	*1;*29;*1;	N/A		;	N/A	
*1/*2	*1/*2	100%		*1;*2	*1;*2;*1;	N/A		;	N/A	
*1/*30	*30/*38	50%	*1	*30	*38;*30;*1;	Yes		;	N/A	
*13/*13	*13/*13	100%		*13;*13	*13;*1;*13;*1;	N/A		;	N/A	
*13/*14	*1/*14	50%	*13	*14	*1;*14;*13;*1;	Yes		;	N/A	
*13/*15	*13/*15	100%		*13;*15	*15;*1;*13;*1;	N/A		;	N/A	
*13/*16	*13/*16	100%		*13;*16	*13;*38;*16;*1;	N/A		;	N/A	
*13/*17	*1/*17	50%	*13	*17	*17;*13;*1;*1;	Yes		;	N/A	
*13/*18	*1/*13	50%	*18	*13	*1;*13;*18;*1;	Yes		;	N/A	
*13/*19	*1/*19	50%	*13	*19	*1;*19;*13;*1;	Yes		;	N/A	
*1/*31	*1/*31	100%		*1;*31	*1;*31;*1;	N/A		;	N/A	
*13/*22	*13/*22	100%		*13;*22	*22;*1;*13;*1;	N/A		;	N/A	
*13/*23	*1/*23	50%	*13	*23	*1;*23;*13;*1;	Yes		;	N/A	
*13/*24	*1/*24	50%	*13	*24	*1;*24;*13;*1;	Yes		;	N/A	
*13/*25	*1/*25	50%	*13	*25	*1;*25;*13;*1;	Yes		;	N/A	
*13/*26	*1/*26	50%	*13	*26	*1;*26;*13;*1;	Yes		;	N/A	
*13/*28	*13/*28	100%		*13;*28	*28;*1;*13;*1;	N/A		;	N/A	
*13/*29	*1/*29	50%	*13	*29	*1;*29;*13;*1;	Yes		;	N/A	
*1/*32	*1/*32	100%		*1;*32	*1;*32;*1;	N/A		;	N/A	
*13/*30	*13/*30	100%		*13;*30	*13;*38;*30;*1;	N/A		;	N/A	
*13/*31	*1/*31	50%	*13	*31	*1;*31;*13;*1;	Yes		;	N/A	
*13/*32	*1/*32	50%	*13	*32	*1;*32;*13;*1;	Yes		;	N/A	
*13/*33	*1/*33	50%	*13	*33	*1;*33;*13;*1;	Yes		;	N/A	
*13/*34	*13/*34	100%		*13;*34	*34;*1;*13;*38;	N/A		;	N/A	
*13/*35	*13/*35	100%		*13;*35	*13;*1;*35;*1;	N/A		;	N/A	
*13/*36	*13/*13	50%	*36	*13	*13;*1;*13;*1;	No	*36	;	No	*36
*13/*36	*13/*13	50%	*36	*13	*13;*1;*13;*1;	No	*36	;	No	*36
*13/*37	*1/*13	50%	*37	*13	*13;*38;*1;	No	*37	;	No	*37
*13/*37	*1/*13	50%	*37	*13	*13;*38;*1;	No	*37	;	No	*37
*13/*37	*1/*13	50%	*37	*13	*13;*38;*1;	No	*37	;	No	*37
*13/*37	*1/*13	50%	*37	*13	*1;*13;*1;	No	*37	;	No	*37
*13/*37	*1/*13	50%	*37	*13	*1;*13;*1;	No	*37	;	No	*37
*13/*38	*1/*13	50%	*38	*13	*13;*38;*1;	Yes		;	N/A	*37
*13/*39	*13/*39	100%		*13;*39	*39;*1;*13;*1;	N/A		;	N/A	
*1/*33	*1/*33	100%		*1;*33	*1;*33;*1;	N/A		;	N/A	
*1/*34	*34/*38	50%	*1	*34	*34;*1;*38;	Yes		;	N/A	
*1/*35	*1/*35	100%		*1;*35	*1;*35;*1;	N/A		;	N/A	
*1/*36	*1/*1	50%	*36	*1	*1;*1;	No	*36	;	No	*36
*1/*36	*1/*1	50%	*36	*1	*1;*1;	No	*36	;	No	*36
*1/*37	*1/*38	50%	*37	*1	*38;*1;	No	*37	;	No	*37
*1/*37	*1/*38	50%	*37	*1	*38;*1;	No	*37	;	No	*37
*1/*37	*1/*38	50%	*37	*1	*38;*1;	No	*37	;	No	*37
*1/*37	*1/*1	50%	*37	*1	*1;*1;	No	*37	;	No	*37
*1/*37	*1/*1	50%	*37	*1	*1;*1;	No	*37	;	No	*37
*1/*38	*1/*38	100%		*1;*38	*38;*1;	N/A		;	N/A	
*1/*39	*1/*15	50%	*39	*1	*15;*1;*1;	No	*39	*39;	Yes	
*1/*3	*1/*3	100%		*1;*3	*3;*1;*1;	N/A		;	N/A	
*14/*14	*14/*14	100%		*14;*14	*14;*1;*14;*1;	N/A		;	N/A	
*14/*15	*14/*15	100%		*14;*15	*15;*1;*14;*1;	N/A		;	N/A	
*14/*16	*16/*38	50%	*14	*16	*38;*16;*14;*1;	Yes		;	N/A	
*14/*17	*14/*17	100%		*14;*17	*17;*1;*14;*1;	N/A		;	N/A	
*14/*18	*1/*14	50%	*18	*14	*1;*14;*18;*1;	Yes		;	N/A	
*14/*19	*1/*19	50%	*14	*19	*1;*19;*14;*1;	Yes		;	N/A	
*14/*22	*14/*22	100%		*14;*22	*22;*1;*14;*1;	N/A		;	N/A	
*14/*23	*1/*14	50%	*23	*14	*1;*14;*23;*1;	Yes		;	N/A	
*14/*24	*1/*24	50%	*14	*24	*1;*24;*14;*1;	Yes		;	N/A	
*14/*25	*1/*25	50%	*14	*25	*1;*25;*14;*1;	Yes		;	N/A	
*14/*26	*1/*26	50%	*14	*26	*1;*26;*14;*1;	Yes		;	N/A	
*14/*28	*14/*28	100%		*14;*28	*28;*1;*14;*1;	N/A		;	N/A	
*14/*29	*1/*14	50%	*29	*14	*1;*14;*29;*1;	Yes		;	N/A	
*14/*30	*14/*38	50%	*30	*14	*38;*14;*30;*1;	Yes		;	N/A	
*14/*31	*1/*14	50%	*31	*14	*1;*14;*31;*1;	Yes		;	N/A	
*14/*32	*1/*14	50%	*32	*14	*1;*14;*32;*1;	Yes		;	N/A	
*14/*33	*1/*14	50%	*33	*14	*1;*14;*33;*1;	Yes		;	N/A	
*14/*34	*14/*34	100%		*14;*34	*34;*1;*14;*38;	N/A		;	N/A	
*14/*35	*1/*35	50%	*14	*35	*1;*35;*14;*1;	Yes		;	N/A	
*14/*36	*14/*14	50%	*36	*14	*14;*1;*14;*1;	No	*36	;	No	*36
*14/*36	*14/*14	50%	*36	*14	*14;*1;*14;*1;	No	*36	;	No	*36
*14/*37	*14/*14	50%	*37	*14	*14;*38;*14;*1;	No	*37	;	No	*37
*14/*37	*14/*14	50%	*37	*14	*14;*38;*14;*1;	No	*37	;	No	*37
*14/*37	*14/*14	50%	*37	*14	*14;*38;*14;*1;	No	*37	;	No	*37
*14/*37	*14/*14	50%	*37	*14	*14;*1;*14;*1;	No	*37	;	No	*37
*14/*37	*14/*14	50%	*37	*14	*14;*1;*14;*1;	No	*37	;	No	*37
*14/*38	*14/*38	100%		*14;*38	*38;*14;*1;	N/A		;	N/A	
*14/*39	*14/*15	50%	*39	*14	*15;*1;*14;*1;	No	*39	*39;	Yes	
*1/*4	*1/*4	100%		*1;*4	*4;*1;*1;	N/A		;	N/A	
*15/*15	*15/*15	100%		*15;*15	*15;*1;*15;*1;	N/A		;	N/A	
*15/*16	*15/*16	100%		*15;*16	*15;*1;*16;*38;	N/A		;	N/A	
*15/*17	*15/*17	100%		*15;*17	*17;*1;*15;*1;	N/A		;	N/A	
*15/*18	*15/*18	100%		*15;*18	*15;*1;*18;*1;	N/A		;	N/A	
*15/*19	*15/*19	100%		*15;*19	*15;*1;*19;*1;	N/A		;	N/A	
*15/*22	*15/*22	100%		*15;*22	*15;*1;*22;*1;	N/A		;	N/A	
*15/*23	*15/*23	100%		*15;*23	*15;*1;*23;*1;	N/A		;	N/A	
*15/*24	*15/*24	100%		*15;*24	*15;*1;*24;*1;	N/A		;	N/A	
*15/*25	*15/*25	100%		*15;*25	*15;*1;*25;*1;	N/A		;	N/A	
*15/*26	*15/*26	100%		*15;*26	*15;*1;*26;*1;	N/A		;	N/A	
*15/*28	*15/*28	100%		*15;*28	*15;*1;*28;*1;	N/A		;	N/A	
*15/*29	*15/*29	100%		*15;*29	*15;*1;*29;*1;	N/A		;	N/A	
*15/*30	*15/*30	100%		*15;*30	*15;*1;*30;*38;	N/A		;	N/A	
*15/*31	*15/*31	100%		*15;*31	*15;*1;*31;*1;	N/A		;	N/A	
*15/*32	*15/*32	100%		*15;*32	*15;*1;*32;*1;	N/A		;	N/A	
*15/*33	*15/*33	100%		*15;*33	*15;*1;*33;*1;	N/A		;	N/A	
*15/*34	*15/*34	100%		*15;*34	*34;*1;*15;*38;	N/A		;	N/A	
*15/*35	*15/*35	100%		*15;*35	*15;*1;*35;*1;	N/A		;	N/A	
*15/*36	*15/*15	50%	*36	*15	*15;*1;*15;*1;	No	*36	;	No	*36
*15/*36	*15/*15	50%	*36	*15	*15;*1;*15;*1;	No	*36	;	No	*36
*15/*37	*15/*15	50%	*37	*15	*15;*38;*15;*1;	No	*37	;	No	*37
*15/*37	*15/*15	50%	*37	*15	*15;*38;*15;*1;	No	*37	;	No	*37
*15/*37	*15/*15	50%	*37	*15	*15;*38;*15;*1;	No	*37	;	No	*37
*15/*37	*15/*15	50%	*37	*15	*15;*1;*15;*1;	No	*37	;	No	*37
*15/*37	*15/*15	50%	*37	*15	*15;*1;*15;*1;	No	*37	;	No	*37
*15/*38	*15/*38	100%		*15;*38	*15;*1;*38;	N/A		;	N/A	
*15/*39	*15/*39	100%		*15;*39	*15;*1;*39;*1;	N/A		;	N/A	
*1/*5	*1/*5	100%		*1;*5	*1;*5;*1;	N/A		;	N/A	
*16/*16	*16/*16	100%		*16;*16	*16;*38;*16;*38;	N/A		;	N/A	
*16/*17	*16/*17	100%		*16;*17	*17;*1;*16;*38;	N/A		;	N/A	
*16/*18	*16/*38	50%	*18	*16	*38;*16;*18;*1;	Yes		;	N/A	
*16/*19	*16/*38	50%	*19	*16	*38;*16;*19;*1;	Yes		;	N/A	
*16/*22	*16/*22	100%		*16;*22	*22;*1;*16;*38;	N/A		;	N/A	
*16/*23	*16/*38	50%	*23	*16	*38;*16;*23;*1;	Yes		;	N/A	
*16/*24	*24/*38	50%	*16	*24	*38;*24;*16;*1;	Yes		;	N/A	
*16/*25	*16/*38	50%	*25	*16	*38;*16;*25;*1;	Yes		;	N/A	
*16/*26	*16/*38	50%	*26	*16	*38;*16;*26;*1;	Yes		;	N/A	
*16/*28	*16/*28	100%		*16;*28	*28;*1;*16;*38;	N/A		;	N/A	
*16/*29	*16/*38	50%	*29	*16	*38;*16;*29;*1;	Yes		;	N/A	
*16/*30	*16/*38	50%	*30	*16	*38;*16;*30;*38;	Yes		;	N/A	
*16/*31	*16/*38	50%	*31	*16	*38;*16;*31;*1;	Yes		;	N/A	
*16/*32	*16/*38	50%	*32	*16	*38;*16;*32;*1;	Yes		;	N/A	
*16/*33	*16/*38	50%	*33	*16	*38;*16;*33;*1;	Yes		;	N/A	
*16/*34	*16/*34	100%		*16;*34	*34;*38;*16;*38;	N/A		;	N/A	
*16/*35	*35/*38	50%	*16	*35	*38;*35;*16;*1;	Yes		;	N/A	
*16/*36	*16/*16	50%	*36	*16	*16;*38;*16;*38;	No	*36	;	No	*36
*16/*36	*16/*16	50%	*36	*16	*16;*38;*16;*38;	No	*36	;	No	*36
*16/*37	*16/*38	50%	*37	*16	*38;*16;*38;	No	*37	;	No	*37
*16/*37	*16/*38	50%	*37	*16	*38;*16;*38;	No	*37	;	No	*37
*16/*37	*16/*38	50%	*37	*16	*38;*16;*38;	No	*37	;	No	*37
*16/*37	*16/*38	50%	*37	*16	*38;*16;*38;	No	*37	;	No	*37
*16/*37	*16/*38	50%	*37	*16	*38;*16;*38;	No	*37	;	No	*37
*16/*38	*16/*38	100%		*16;*38	*38;*16;*38;	N/A		;	N/A	
*16/*39	*15/*16	50%	*39	*16	*15;*1;*16;*38;	No	*39	*39;	Yes	
*1/*6	*1/*6	100%		*1;*6	*1;*6;*1;	N/A		;	N/A	
*17/*17	*17/*17	100%		*17;*17	*17;*1;*17;*1;	N/A		;	N/A	
*17/*18	*17/*18	100%		*17;*18	*17;*1;*18;*1;	N/A		;	N/A	
*17/*19	*17/*19	100%		*17;*19	*17;*1;*19;*1;	N/A		;	N/A	
*17/*22	*17/*22	100%		*17;*22	*17;*1;*22;*1;	N/A		;	N/A	
*17/*23	*17/*23	100%		*17;*23	*17;*1;*23;*1;	N/A		;	N/A	
*17/*24	*17/*24	100%		*17;*24	*17;*1;*24;*1;	N/A		;	N/A	
*17/*25	*17/*25	100%		*17;*25	*17;*1;*25;*1;	N/A		;	N/A	
*17/*26	*17/*26	100%		*17;*26	*17;*1;*26;*1;	N/A		;	N/A	
*17/*28	*17/*28	100%		*17;*28	*17;*1;*28;*1;	N/A		;	N/A	
*17/*29	*17/*29	100%		*17;*29	*17;*1;*29;*1;	N/A		;	N/A	
*17/*30	*17/*30	100%		*17;*30	*17;*1;*30;*38;	N/A		;	N/A	
*17/*31	*17/*31	100%		*17;*31	*17;*1;*31;*1;	N/A		;	N/A	
*17/*32	*17/*32	100%		*17;*32	*17;*1;*32;*1;	N/A		;	N/A	
*17/*33	*17/*33	100%		*17;*33	*17;*1;*33;*1;	N/A		;	N/A	
*17/*34	*17/*34	100%		*17;*34	*17;*38;*34;*1;	N/A		;	N/A	
*17/*35	*17/*35	100%		*17;*35	*17;*1;*35;*1;	N/A		;	N/A	
*17/*36	*17/*17	50%	*36	*17	*17;*1;*17;*1;	No	*36	;	No	*36
*17/*36	*17/*17	50%	*36	*17	*17;*1;*17;*1;	No	*36	;	No	*36
*17/*37	*17/*38	50%	*37	*17	*17;*1;*38;	No	*37	;	No	*37
*17/*37	*17/*38	50%	*37	*17	*17;*1;*38;	No	*37	;	No	*37
*17/*37	*17/*38	50%	*37	*17	*17;*1;*38;	No	*37	;	No	*37
*17/*37	*1/*17	50%	*37	*17	*17;*1;*1;	No	*37	;	No	*37
*17/*37	*1/*17	50%	*37	*17	*17;*1;*1;	No	*37	;	No	*37
*17/*38	*17/*38	100%		*17;*38	*17;*1;*38;	N/A		;	N/A	
*17/*39	*17/*39	100%		*17;*39	*17;*1;*39;*1;	N/A		;	N/A	
*1/*7	*1/*7	100%		*1;*7	*1;*7;*1;	N/A		;	N/A	
*18/*18	*18/*18	100%		*18;*18	*18;*1;*18;*1;	N/A		;	N/A	
*18/*19	*1/*19	50%	*18	*19	*1;*19;*18;*1;	Yes		;	N/A	
*18/*22	*18/*22	100%		*18;*22	*22;*1;*18;*1;	N/A		;	N/A	
*18/*23	*1/*23	50%	*18	*23	*1;*23;*18;*1;	Yes		;	N/A	
*18/*24	*1/*24	50%	*18	*24	*1;*24;*18;*1;	Yes		;	N/A	
*18/*25	*1/*25	50%	*18	*25	*1;*25;*18;*1;	Yes		;	N/A	
*18/*26	*1/*26	50%	*18	*26	*1;*26;*18;*1;	Yes		;	N/A	
*18/*28	*18/*28	100%		*18;*28	*28;*1;*18;*1;	N/A		;	N/A	
*18/*29	*1/*29	50%	*18	*29	*1;*29;*18;*1;	Yes		;	N/A	
*18/*30	*30/*38	50%	*18	*30	*38;*30;*18;*1;	Yes		;	N/A	
*18/*31	*1/*31	50%	*18	*31	*1;*31;*18;*1;	Yes		;	N/A	
*18/*32	*1/*32	50%	*18	*32	*1;*32;*18;*1;	Yes		;	N/A	
*18/*33	*1/*33	50%	*18	*33	*1;*33;*18;*1;	Yes		;	N/A	
*18/*34	*18/*34	100%		*18;*34	*34;*1;*18;*38;	N/A		;	N/A	
*18/*35	*1/*35	50%	*18	*35	*1;*35;*18;*1;	Yes		;	N/A	
*18/*36	*18/*18	50%	*36	*18	*18;*1;*18;*1;	No	*36	;	No	*36
*18/*36	*18/*18	50%	*36	*18	*18;*1;*18;*1;	No	*36	;	No	*36
*18/*37	*18/*38	50%	*37	*18	*38;*18;*1;	No	*37	;	No	*37
*18/*37	*18/*38	50%	*37	*18	*38;*18;*1;	No	*37	;	No	*37
*18/*37	*18/*38	50%	*37	*18	*38;*18;*1;	No	*37	;	No	*37
*18/*37	*18/*18	50%	*37	*18	*18;*1;*18;*1;	No	*37	;	No	*37
*18/*37	*18/*18	50%	*37	*18	*18;*1;*18;*1;	No	*37	;	No	*37
*18/*38	*18/*38	100%		*18;*38	*38;*18;*1;	N/A		;	N/A	
*18/*39	*15/*18	50%	*39	*18	*15;*1;*18;*1;	No	*39	*39;	Yes	
*1/*8	*1/*8	100%		*1;*8	*1;*8;*1;	N/A		;	N/A	
*19/*19	*19/*19	100%		*19;*19	*19;*1;*19;*1;	N/A		;	N/A	
*19/*22	*19/*22	100%		*19;*22	*22;*1;*19;*1;	N/A		;	N/A	
*19/*23	*1/*19	50%	*23	*19	*1;*19;*23;*1;	Yes		;	N/A	
*19/*24	*1/*24	50%	*19	*24	*1;*24;*19;*1;	Yes		;	N/A	
*19/*25	*1/*19	50%	*25	*19	*1;*19;*25;*1;	Yes		;	N/A	
*19/*26	*1/*19	50%	*26	*19	*1;*19;*26;*1;	Yes		;	N/A	
*19/*28	*19/*28	100%		*19;*28	*28;*1;*19;*1;	N/A		;	N/A	
*19/*29	*1/*19	50%	*29	*19	*1;*19;*29;*1;	Yes		;	N/A	
*19/*30	*19/*38	50%	*30	*19	*38;*19;*30;*1;	Yes		;	N/A	
*19/*31	*1/*19	50%	*31	*19	*1;*19;*31;*1;	Yes		;	N/A	
*19/*32	*1/*19	50%	*32	*19	*1;*19;*32;*1;	Yes		;	N/A	
*19/*33	*1/*19	50%	*33	*19	*1;*19;*33;*1;	Yes		;	N/A	
*19/*34	*19/*34	100%		*19;*34	*34;*1;*19;*38;	N/A		;	N/A	
*19/*35	*1/*35	50%	*19	*35	*1;*35;*19;*1;	Yes		;	N/A	
*19/*36	*19/*19	50%	*36	*19	*19;*1;*19;*1;	No	*36	;	No	*36
*19/*36	*19/*19	50%	*36	*19	*19;*1;*19;*1;	No	*36	;	No	*36
*19/*37	*19/*19	50%	*37	*19	*19;*38;*19;*1;	No	*37	;	No	*37
*19/*37	*19/*19	50%	*37	*19	*19;*38;*19;*1;	No	*37	;	No	*37
*19/*37	*19/*19	50%	*37	*19	*19;*38;*19;*1;	No	*37	;	No	*37
*19/*37	*19/*19	50%	*37	*19	*19;*1;*19;*1;	No	*37	;	No	*37
*19/*37	*19/*19	50%	*37	*19	*19;*1;*19;*1;	No	*37	;	No	*37
*19/*38	*19/*38	100%		*19;*38	*38;*19;*1;	N/A		;	N/A	
*19/*39	*15/*19	50%	*39	*19	*15;*1;*19;*1;	No	*39	*39;	Yes	
*1/*9	*1/*9	100%		*1;*9	*9;*1;*1;	N/A		;	N/A	
*2/*10	*1/*2	50%	*10	*2	*1;*2;*10;*1;	Yes		;	N/A	
*2/*11	*1/*2	50%	*11	*2	*1;*2;*11;*1;	Yes		;	N/A	
*2/*12	*1/*2	50%	*12	*2	*1;*2;*12;*1;	Yes		;	N/A	
*2/*13	*2/*13	100%		*2;*13	*13;*1;*2;*1;	N/A		;	N/A	
*2/*14	*1/*2	50%	*14	*2	*1;*2;*14;*1;	Yes		;	N/A	
*2/*15	*2/*15	100%		*2;*15	*15;*1;*2;*1;	N/A		;	N/A	
*2/*16	*2/*38	50%	*16	*2	*38;*2;*16;*1;	Yes		;	N/A	
*2/*17	*2/*17	100%		*2;*17	*17;*1;*2;*1;	N/A		;	N/A	
*2/*18	*1/*2	50%	*18	*2	*1;*2;*18;*1;	Yes		;	N/A	
*2/*19	*1/*2	50%	*19	*2	*1;*2;*19;*1;	Yes		;	N/A	
*22/*22	*22/*22	100%		*22;*22	*22;*1;*22;*1;	N/A		;	N/A	
*22/*23	*22/*23	100%		*22;*23	*22;*1;*23;*1;	N/A		;	N/A	
*22/*24	*22/*24	100%		*22;*24	*22;*1;*24;*1;	N/A		;	N/A	
*22/*25	*22/*25	100%		*22;*25	*22;*1;*25;*1;	N/A		;	N/A	
*22/*26	*22/*26	100%		*22;*26	*22;*1;*26;*1;	N/A		;	N/A	
*22/*28	*22/*28	100%		*22;*28	*28;*1;*22;*1;	N/A		;	N/A	
*22/*29	*22/*29	100%		*22;*29	*22;*1;*29;*1;	N/A		;	N/A	
*2/*22	*2/*22	100%		*2;*22	*22;*1;*2;*1;	N/A		;	N/A	
*22/*30	*22/*30	100%		*22;*30	*22;*1;*30;*38;	N/A		;	N/A	
*22/*31	*22/*31	100%		*22;*31	*22;*1;*31;*1;	N/A		;	N/A	
*22/*32	*22/*32	100%		*22;*32	*22;*1;*32;*1;	N/A		;	N/A	
*22/*33	*22/*33	100%		*22;*33	*22;*1;*33;*1;	N/A		;	N/A	
*22/*34	*22/*34	100%		*22;*34	*34;*1;*22;*38;	N/A		;	N/A	
*22/*35	*22/*35	100%		*22;*35	*22;*1;*35;*1;	N/A		;	N/A	
*22/*36	*22/*22	50%	*36	*22	*22;*1;*22;*1;	No	*36	;	No	*36
*22/*36	*22/*22	50%	*36	*22	*22;*1;*22;*1;	No	*36	;	No	*36
*22/*37	*22/*22	50%	*37	*22	*22;*38;*22;*1;	No	*37	;	No	*37
*22/*37	*22/*22	50%	*37	*22	*22;*38;*22;*1;	No	*37	;	No	*37
*22/*37	*22/*38	50%	*37	*22	*22;*1;*38;	No	*37	;	No	*37
*22/*37	*22/*22	50%	*37	*22	*22;*1;*22;*1;	No	*37	;	No	*37
*22/*37	*22/*22	50%	*37	*22	*22;*1;*22;*1;	No	*37	;	No	*37
*22/*38	*22/*38	100%		*22;*38	*22;*1;*38;	N/A		;	N/A	
*22/*39	*15/*22	50%	*39	*22	*15;*1;*22;*1;	No	*39	*39;	Yes	
*2/*23	*1/*2	50%	*23	*2	*1;*2;*23;*1;	Yes		;	N/A	
*2/*24	*1/*2	50%	*24	*2	*1;*2;*24;*1;	Yes		;	N/A	
*2/*25	*1/*2	50%	*25	*2	*1;*2;*25;*1;	Yes		;	N/A	
*2/*26	*1/*2	50%	*26	*2	*1;*2;*26;*1;	Yes		;	N/A	
*2/*28	*2/*28	100%		*2;*28	*28;*1;*2;*1;	N/A		;	N/A	
*2/*29	*1/*2	50%	*29	*2	*1;*2;*29;*1;	Yes		;	N/A	
*2/*2	*2/*2	100%		*2;*2	*2;*1;*2;*1;	N/A		;	N/A	
*2/*30	*2/*38	50%	*30	*2	*38;*2;*30;*1;	Yes		;	N/A	
*2/*31	*1/*2	50%	*31	*2	*1;*2;*31;*1;	Yes		;	N/A	
*23/*23	*23/*23	100%		*23;*23	*23;*1;*23;*1;	N/A		;	N/A	
*23/*24	*1/*24	50%	*23	*24	*1;*24;*23;*1;	Yes		;	N/A	
*23/*25	*1/*25	50%	*23	*25	*1;*25;*23;*1;	Yes		;	N/A	
*23/*26	*1/*26	50%	*23	*26	*1;*26;*23;*1;	Yes		;	N/A	
*23/*28	*23/*28	100%		*23;*28	*28;*1;*23;*1;	N/A		;	N/A	
*23/*29	*1/*23	50%	*29	*23	*1;*23;*29;*1;	Yes		;	N/A	
*2/*32	*1/*2	50%	*32	*2	*1;*2;*32;*1;	Yes		;	N/A	
*23/*30	*23/*38	50%	*30	*23	*38;*23;*30;*1;	Yes		;	N/A	
*23/*31	*1/*23	50%	*31	*23	*1;*23;*31;*1;	Yes		;	N/A	
*23/*32	*1/*23	50%	*32	*23	*1;*23;*32;*1;	Yes		;	N/A	
*23/*33	*1/*23	50%	*33	*23	*1;*23;*33;*1;	Yes		;	N/A	
*23/*34	*23/*34	100%		*23;*34	*34;*1;*23;*38;	N/A		;	N/A	
*23/*35	*1/*35	50%	*23	*35	*1;*35;*23;*1;	Yes		;	N/A	
*23/*36	*23/*23	50%	*36	*23	*23;*1;*23;*1;	No	*36	;	No	*36
*23/*36	*23/*23	50%	*36	*23	*23;*1;*23;*1;	No	*36	;	No	*36
*23/*37	*23/*23	50%	*37	*23	*23;*38;*23;*1;	No	*37	;	No	*37
*23/*37	*23/*23	50%	*37	*23	*23;*38;*23;*1;	No	*37	;	No	*37
*23/*37	*23/*38	50%	*37	*23	*38;*23;*1;	No	*37	;	No	*37
*23/*37	*23/*23	50%	*37	*23	*23;*1;*23;*1;	No	*37	;	No	*37
*23/*37	*23/*23	50%	*37	*23	*23;*1;*23;*1;	No	*37	;	No	*37
*23/*38	*23/*38	100%		*23;*38	*38;*23;*1;	N/A		;	N/A	
*23/*39	*15/*23	50%	*39	*23	*15;*1;*23;*1;	No	*39	*39;	Yes	
*2/*33	*1/*2	50%	*33	*2	*1;*2;*33;*1;	Yes		;	N/A	
*2/*34	*2/*34	100%		*2;*34	*34;*38;*2;*1;	N/A		;	N/A	
*2/*35	*2/*35	100%		*2;*35	*35;*1;*2;*1;	N/A		;	N/A	
*2/*36	*2/*2	50%	*36	*2	*2;*1;*2;*1;	No	*36	;	No	*36
*2/*36	*2/*2	50%	*36	*2	*2;*1;*2;*1;	No	*36	;	No	*36
*2/*37	*2/*2	50%	*37	*2	*2;*38;*2;*1;	No	*37	;	No	*37
*2/*37	*2/*35	50%	*37	*2	*35;*38;*2;*1;	No	*37	;	No	*37
*2/*37	*2/*38	50%	*37	*2	*38;*2;*1;	No	*37	;	No	*37
*2/*37	*2/*2	50%	*37	*2	*2;*1;*2;*1;	No	*37	;	No	*37
*2/*37	*2/*2	50%	*37	*2	*2;*1;*2;*1;	No	*37	;	No	*37
*2/*38	*2/*38	100%		*2;*38	*38;*2;*1;	N/A		;	N/A	
*2/*39	*2/*39	100%		*2;*39	*39;*1;*2;*1;	N/A		;	N/A	
*2/*3	*3/*35	50%	*2	*3	*3;*1;*35;*1;	No	*2	*2;	Yes	
*24/*24	*24/*24	100%		*24;*24	*24;*1;*24;*1;	N/A		;	N/A	
*24/*25	*1/*24	50%	*25	*24	*1;*24;*25;*1;	Yes		;	N/A	
*24/*26	*1/*24	50%	*26	*24	*1;*24;*26;*1;	Yes		;	N/A	
*24/*28	*24/*28	100%		*24;*28	*28;*1;*24;*1;	N/A		;	N/A	
*24/*29	*1/*24	50%	*29	*24	*1;*24;*29;*1;	Yes		;	N/A	
*24/*30	*24/*38	50%	*30	*24	*38;*24;*30;*1;	Yes		;	N/A	
*24/*31	*1/*24	50%	*31	*24	*1;*24;*31;*1;	Yes		;	N/A	
*24/*32	*1/*24	50%	*32	*24	*1;*24;*32;*1;	Yes		;	N/A	
*24/*33	*1/*24	50%	*33	*24	*1;*24;*33;*1;	Yes		;	N/A	
*24/*34	*24/*34	100%		*24;*34	*34;*1;*24;*38;	N/A		;	N/A	
*24/*35	*1/*24	50%	*35	*24	*1;*24;*35;*1;	Yes		;	N/A	
*24/*36	*24/*24	50%	*36	*24	*24;*1;*24;*1;	No	*36	;	No	*36
*24/*36	*24/*24	50%	*36	*24	*24;*1;*24;*1;	No	*36	;	No	*36
*24/*37	*24/*38	50%	*37	*24	*38;*24;*1;	No	*37	;	No	*37
*24/*37	*24/*38	50%	*37	*24	*38;*24;*1;	No	*37	;	No	*37
*24/*37	*24/*38	50%	*37	*24	*38;*24;*1;	No	*37	;	No	*37
*24/*37	*24/*24	50%	*37	*24	*24;*1;*24;*1;	No	*37	;	No	*37
*24/*37	*24/*24	50%	*37	*24	*24;*1;*24;*1;	No	*37	;	No	*37
*24/*38	*24/*38	100%		*24;*38	*38;*24;*1;	N/A		;	N/A	
*24/*39	*15/*24	50%	*39	*24	*15;*1;*24;*1;	No	*39	*39;	Yes	
*2/*4	*2/*4	100%		*2;*4	*4;*1;*2;*1;	N/A		;	N/A	
*25/*25	*25/*25	100%		*25;*25	*25;*1;*25;*1;	N/A		;	N/A	
*25/*26	*1/*25	50%	*26	*25	*1;*25;*26;*1;	Yes		;	N/A	
*25/*28	*25/*28	100%		*25;*28	*28;*1;*25;*1;	N/A		;	N/A	
*25/*29	*1/*25	50%	*29	*25	*1;*25;*29;*1;	Yes		;	N/A	
*25/*30	*1/*25	50%	*30	*25	*1;*25;*30;*38;	Yes		;	N/A	
*25/*31	*1/*25	50%	*31	*25	*1;*25;*31;*1;	Yes		;	N/A	
*25/*32	*1/*25	50%	*32	*25	*1;*25;*32;*1;	Yes		;	N/A	
*25/*33	*1/*25	50%	*33	*25	*1;*25;*33;*1;	Yes		;	N/A	
*25/*34	*25/*34	100%		*25;*34	*34;*1;*25;*38;	N/A		;	N/A	
*25/*35	*1/*35	50%	*25	*35	*1;*35;*25;*1;	Yes		;	N/A	
*25/*36	*25/*25	50%	*36	*25	*25;*1;*25;*1;	No	*36	;	No	*36
*25/*36	*25/*25	50%	*36	*25	*25;*1;*25;*1;	No	*36	;	No	*36
*25/*37	*1/*25	50%	*37	*25	*1;*25;*38;	No	*37	;	No	*37
*25/*37	*1/*25	50%	*37	*25	*1;*25;*38;	No	*37	;	No	*37
*25/*37	*1/*25	50%	*37	*25	*1;*25;*38;	No	*37	;	No	*37
*25/*37	*1/*25	50%	*37	*25	*1;*25;*1;	No	*37	;	No	*37
*25/*37	*1/*25	50%	*37	*25	*1;*25;*1;	No	*37	;	No	*37
*25/*38	*1/*25	50%	*38	*25	*1;*25;*38;	Yes		;	N/A	*37
*25/*39	*15/*25	50%	*39	*25	*15;*1;*25;*1;	No	*39	*39;	Yes	
*2/*5	*1/*2	50%	*5	*2	*1;*2;*5;*1;	Yes		;	N/A	
*26/*26	*26/*26	100%		*26;*26	*26;*1;*26;*1;	N/A		;	N/A	
*26/*28	*26/*28	100%		*26;*28	*28;*1;*26;*1;	N/A		;	N/A	
*26/*29	*1/*26	50%	*29	*26	*1;*26;*29;*1;	Yes		;	N/A	
*26/*30	*26/*38	50%	*30	*26	*38;*26;*30;*1;	Yes		;	N/A	
*26/*31	*1/*26	50%	*31	*26	*1;*26;*31;*1;	Yes		;	N/A	
*26/*32	*1/*26	50%	*32	*26	*1;*26;*32;*1;	Yes		;	N/A	
*26/*33	*1/*26	50%	*33	*26	*1;*26;*33;*1;	Yes		;	N/A	
*26/*34	*26/*34	100%		*26;*34	*34;*1;*26;*38;	N/A		;	N/A	
*26/*35	*1/*35	50%	*26	*35	*1;*35;*26;*1;	Yes		;	N/A	
*26/*36	*26/*26	50%	*36	*26	*26;*1;*26;*1;	No	*36	;	No	*36
*26/*36	*26/*26	50%	*36	*26	*26;*1;*26;*1;	No	*36	;	No	*36
*26/*37	*26/*26	50%	*37	*26	*26;*38;*26;*1;	No	*37	;	No	*37
*26/*37	*26/*38	50%	*37	*26	*38;*26;*1;	No	*37	;	No	*37
*26/*37	*26/*38	50%	*37	*26	*38;*26;*1;	No	*37	;	No	*37
*26/*37	*26/*26	50%	*37	*26	*26;*1;*26;*1;	No	*37	;	No	*37
*26/*37	*26/*26	50%	*37	*26	*26;*1;*26;*1;	No	*37	;	No	*37
*26/*38	*26/*38	100%		*26;*38	*38;*26;*1;	N/A		;	N/A	
*26/*39	*15/*26	50%	*39	*26	*15;*1;*26;*1;	No	*39	*39;	Yes	
*2/*6	*1/*2	50%	*6	*2	*1;*2;*6;*1;	Yes		;	N/A	
*2/*7	*1/*2	50%	*7	*2	*1;*2;*7;*1;	Yes		;	N/A	
*28/*28	*28/*28	100%		*28;*28	*28;*1;*28;*1;	N/A		;	N/A	
*28/*29	*28/*29	100%		*28;*29	*28;*1;*29;*1;	N/A		;	N/A	
*28/*30	*28/*30	100%		*28;*30	*28;*1;*30;*38;	N/A		;	N/A	
*28/*31	*28/*31	100%		*28;*31	*28;*1;*31;*1;	N/A		;	N/A	
*28/*32	*28/*32	100%		*28;*32	*28;*1;*32;*1;	N/A		;	N/A	
*28/*33	*28/*33	100%		*28;*33	*28;*1;*33;*1;	N/A		;	N/A	
*28/*34	*28/*34	100%		*28;*34	*34;*1;*28;*38;	N/A		;	N/A	
*28/*35	*28/*35	100%		*28;*35	*28;*1;*35;*1;	N/A		;	N/A	
*28/*36	*28/*28	50%	*36	*28	*28;*1;*28;*1;	No	*36	;	No	*36
*28/*36	*28/*28	50%	*36	*28	*28;*1;*28;*1;	No	*36	;	No	*36
*28/*37	*15/*28	50%	*37	*28	*15;*38;*28;*1;	No	*37	;	No	*37
*28/*37	*15/*28	50%	*37	*28	*15;*38;*28;*1;	No	*37	;	No	*37
*28/*37	*15/*28	50%	*37	*28	*15;*38;*28;*1;	No	*37	;	No	*37
*28/*37	*28/*28	50%	*37	*28	*28;*1;*28;*1;	No	*37	;	No	*37
*28/*37	*28/*28	50%	*37	*28	*28;*1;*28;*1;	No	*37	;	No	*37
*28/*38	*28/*38	100%		*28;*38	*28;*1;*38;	N/A		;	N/A	
*28/*39	*15/*39	50%	*28	*39	*15;*1;*39;*28;*1;	Yes		;	N/A	
*2/*8	*8/*35	50%	*2	*8	*8;*1;*35;*1;	No	*2	*2;	Yes	
*29/*29	*29/*29	100%		*29;*29	*29;*1;*29;*1;	N/A		;	N/A	
*29/*30	*29/*38	50%	*30	*29	*38;*29;*30;*1;	Yes		;	N/A	
*29/*31	*1/*29	50%	*31	*29	*1;*29;*31;*1;	Yes		;	N/A	
*29/*32	*1/*29	50%	*32	*29	*1;*29;*32;*1;	Yes		;	N/A	
*29/*33	*1/*29	50%	*33	*29	*1;*29;*33;*1;	Yes		;	N/A	
*29/*34	*29/*34	100%		*29;*34	*34;*1;*29;*38;	N/A		;	N/A	
*29/*35	*1/*35	50%	*29	*35	*1;*35;*29;*1;	Yes		;	N/A	
*29/*36	*29/*29	50%	*36	*29	*29;*1;*29;*1;	No	*36	;	No	*36
*29/*36	*29/*29	50%	*36	*29	*29;*1;*29;*1;	No	*36	;	No	*36
*29/*37	*29/*29	50%	*37	*29	*29;*38;*29;*1;	No	*37	;	No	*37
*29/*37	*29/*29	50%	*37	*29	*29;*38;*29;*1;	No	*37	;	No	*37
*29/*37	*29/*29	50%	*37	*29	*29;*38;*29;*1;	No	*37	;	No	*37
*29/*37	*29/*29	50%	*37	*29	*29;*1;*29;*1;	No	*37	;	No	*37
*29/*37	*29/*29	50%	*37	*29	*29;*1;*29;*1;	No	*37	;	No	*37
*29/*38	*29/*38	100%		*29;*38	*38;*29;*1;	N/A		;	N/A	
*29/*39	*15/*29	50%	*39	*29	*15;*1;*29;*1;	No	*39	*39;	Yes	
*2/*9	*2/*9	100%		*2;*9	*9;*1;*2;*1;	N/A		;	N/A	
*30/*30	*30/*30	100%		*30;*30	*30;*38;*30;*38;	N/A		;	N/A	
*30/*31	*30/*38	50%	*31	*30	*38;*30;*31;*1;	Yes		;	N/A	
*30/*32	*30/*38	50%	*32	*30	*38;*30;*32;*1;	Yes		;	N/A	
*30/*33	*30/*38	50%	*33	*30	*38;*30;*33;*1;	Yes		;	N/A	
*30/*34	*30/*34	100%		*30;*34	*34;*38;*30;*38;	N/A		;	N/A	
*30/*35	*35/*38	50%	*30	*35	*38;*35;*30;*1;	Yes		;	N/A	
*30/*36	*30/*30	50%	*36	*30	*30;*38;*30;*38;	No	*36	;	No	*36
*30/*36	*30/*30	50%	*36	*30	*30;*38;*30;*38;	No	*36	;	No	*36
*30/*37	*30/*30	50%	*37	*30	*30;*38;*30;*38;	No	*37	;	No	*37
*30/*37	*30/*30	50%	*37	*30	*30;*38;*30;*38;	No	*37	;	No	*37
*30/*37	*30/*38	50%	*37	*30	*38;*30;*38;	No	*37	;	No	*37
*30/*37	*30/*30	50%	*37	*30	*30;*38;*30;*38;	No	*37	;	No	*37
*30/*37	*30/*30	50%	*37	*30	*30;*38;*30;*38;	No	*37	;	No	*37
*30/*38	*30/*38	100%		*30;*38	*38;*30;*38;	N/A		;	N/A	
*30/*39	*15/*30	50%	*39	*30	*15;*1;*30;*38;	No	*39	*39;	Yes	
*3/*10	*3/*10	100%		*3;*10	*3;*1;*10;*1;	N/A		;	N/A	
*3/*11	*3/*11	100%		*3;*11	*3;*1;*11;*1;	N/A		;	N/A	
*3/*12	*3/*12	100%		*3;*12	*3;*1;*12;*1;	N/A		;	N/A	
*31/*31	*31/*31	100%		*31;*31	*31;*1;*31;*1;	N/A		;	N/A	
*31/*32	*1/*31	50%	*32	*31	*1;*31;*32;*1;	Yes		;	N/A	
*31/*33	*1/*31	50%	*33	*31	*1;*31;*33;*1;	Yes		;	N/A	
*31/*34	*31/*34	100%		*31;*34	*34;*1;*31;*38;	N/A		;	N/A	
*31/*35	*1/*35	50%	*31	*35	*1;*35;*31;*1;	Yes		;	N/A	
*31/*36	*31/*31	50%	*36	*31	*31;*1;*31;*1;	No	*36	;	No	*36
*31/*36	*31/*31	50%	*36	*31	*31;*1;*31;*1;	No	*36	;	No	*36
*31/*37	*31/*31	50%	*37	*31	*31;*38;*31;*1;	No	*37	;	No	*37
*31/*37	*31/*31	50%	*37	*31	*31;*38;*31;*1;	No	*37	;	No	*37
*31/*37	*31/*38	50%	*37	*31	*38;*31;*1;	No	*37	;	No	*37
*31/*37	*31/*31	50%	*37	*31	*31;*1;*31;*1;	No	*37	;	No	*37
*31/*37	*31/*31	50%	*37	*31	*31;*1;*31;*1;	No	*37	;	No	*37
*31/*38	*31/*38	100%		*31;*38	*38;*31;*1;	N/A		;	N/A	
*31/*39	*15/*31	50%	*39	*31	*15;*1;*31;*1;	No	*39	*39;	Yes	
*3/*13	*3/*13	100%		*3;*13	*3;*1;*13;*1;	N/A		;	N/A	
*3/*14	*3/*14	100%		*3;*14	*3;*1;*14;*1;	N/A		;	N/A	
*3/*15	*3/*15	100%		*3;*15	*15;*1;*3;*1;	N/A		;	N/A	
*3/*16	*3/*16	100%		*3;*16	*3;*1;*16;*38;	N/A		;	N/A	
*3/*17	*3/*17	100%		*3;*17	*17;*1;*3;*1;	N/A		;	N/A	
*3/*18	*3/*18	100%		*3;*18	*3;*1;*18;*1;	N/A		;	N/A	
*3/*19	*3/*19	100%		*3;*19	*3;*1;*19;*1;	N/A		;	N/A	
*3/*22	*3/*22	100%		*3;*22	*3;*1;*22;*1;	N/A		;	N/A	
*32/*32	*32/*32	100%		*32;*32	*32;*1;*32;*1;	N/A		;	N/A	
*32/*33	*1/*32	50%	*33	*32	*1;*32;*33;*1;	Yes		;	N/A	
*32/*34	*32/*34	100%		*32;*34	*34;*1;*32;*38;	N/A		;	N/A	
*32/*35	*1/*35	50%	*32	*35	*1;*35;*32;*1;	Yes		;	N/A	
*32/*36	*32/*32	50%	*36	*32	*32;*1;*32;*1;	No	*36	;	No	*36
*32/*36	*32/*32	50%	*36	*32	*32;*1;*32;*1;	No	*36	;	No	*36
*32/*37	*32/*32	50%	*37	*32	*32;*38;*32;*1;	No	*37	;	No	*37
*32/*37	*32/*32	50%	*37	*32	*32;*38;*32;*1;	No	*37	;	No	*37
*32/*37	*32/*38	50%	*37	*32	*38;*32;*1;	No	*37	;	No	*37
*32/*37	*32/*32	50%	*37	*32	*32;*1;*32;*1;	No	*37	;	No	*37
*32/*37	*32/*32	50%	*37	*32	*32;*1;*32;*1;	No	*37	;	No	*37
*32/*38	*32/*38	100%		*32;*38	*38;*32;*1;	N/A		;	N/A	
*32/*39	*15/*32	50%	*39	*32	*15;*1;*32;*1;	No	*39	*39;	Yes	
*3/*23	*3/*23	100%		*3;*23	*3;*1;*23;*1;	N/A		;	N/A	
*3/*24	*3/*24	100%		*3;*24	*3;*1;*24;*1;	N/A		;	N/A	
*3/*25	*3/*25	100%		*3;*25	*3;*1;*25;*1;	N/A		;	N/A	
*3/*26	*3/*26	100%		*3;*26	*3;*1;*26;*1;	N/A		;	N/A	
*3/*28	*3/*28	100%		*3;*28	*28;*1;*3;*1;	N/A		;	N/A	
*3/*29	*3/*29	100%		*3;*29	*3;*1;*29;*1;	N/A		;	N/A	
*3/*30	*3/*30	100%		*3;*30	*3;*1;*30;*38;	N/A		;	N/A	
*3/*31	*3/*31	100%		*3;*31	*3;*1;*31;*1;	N/A		;	N/A	
*3/*32	*3/*32	100%		*3;*32	*3;*1;*32;*1;	N/A		;	N/A	
*33/*33	*33/*33	100%		*33;*33	*33;*1;*33;*1;	N/A		;	N/A	
*33/*34	*33/*34	100%		*33;*34	*34;*1;*33;*38;	N/A		;	N/A	
*33/*35	*1/*35	50%	*33	*35	*1;*35;*33;*1;	Yes		;	N/A	
*33/*36	*33/*33	50%	*36	*33	*33;*1;*33;*1;	No	*36	;	No	*36
*33/*36	*33/*33	50%	*36	*33	*33;*1;*33;*1;	No	*36	;	No	*36
*33/*37	*33/*33	50%	*37	*33	*33;*38;*33;*1;	No	*37	;	No	*37
*33/*37	*33/*33	50%	*37	*33	*33;*38;*33;*1;	No	*37	;	No	*37
*33/*37	*33/*38	50%	*37	*33	*38;*33;*1;	No	*37	;	No	*37
*33/*37	*33/*33	50%	*37	*33	*33;*1;*33;*1;	No	*37	;	No	*37
*33/*37	*33/*33	50%	*37	*33	*33;*1;*33;*1;	No	*37	;	No	*37
*33/*38	*33/*38	100%		*33;*38	*38;*33;*1;	N/A		;	N/A	
*33/*39	*15/*33	50%	*39	*33	*15;*1;*33;*1;	No	*39	*39;	Yes	
*3/*33	*3/*33	100%		*3;*33	*3;*1;*33;*1;	N/A		;	N/A	
*3/*34	*3/*34	100%		*3;*34	*34;*38;*3;*1;	N/A		;	N/A	
*3/*35	*3/*35	100%		*3;*35	*3;*1;*35;*1;	N/A		;	N/A	
*3/*36	*3/*3	50%	*36	*3	*3;*1;*3;*1;	No	*36	;	No	*36
*3/*36	*3/*3	50%	*36	*3	*3;*1;*3;*1;	No	*36	;	No	*36
*3/*37	*3/*3	50%	*37	*3	*3;*38;*3;*1;	No	*37	;	No	*37
*3/*37	*3/*3	50%	*37	*3	*3;*38;*3;*1;	No	*37	;	No	*37
*3/*37	*3/*38	50%	*37	*3	*3;*1;*38;	No	*37	;	No	*37
*3/*37	*3/*3	50%	*37	*3	*3;*1;*3;*1;	No	*37	;	No	*37
*3/*37	*3/*3	50%	*37	*3	*3;*1;*3;*1;	No	*37	;	No	*37
*3/*38	*3/*38	100%		*3;*38	*3;*1;*38;	N/A		;	N/A	
*3/*39	*3/*39	100%		*3;*39	*39;*1;*3;*1;	N/A		;	N/A	
*3/*3	*3/*3	100%		*3;*3	*3;*1;*3;*1;	N/A		;	N/A	
*34/*34	*34/*34	100%		*34;*34	*34;*38;*34;*38;	N/A		;	N/A	
*34/*35	*34/*35	100%		*34;*35	*34;*38;*35;*1;	N/A		;	N/A	
*34/*36	*34/*34	50%	*36	*34	*34;*38;*34;*38;	No	*36	;	No	*36
*34/*36	*34/*34	50%	*36	*34	*34;*38;*34;*38;	No	*36	;	No	*36
*34/*37	*34/*34	50%	*37	*34	*34;*38;*34;*38;	No	*37	;	No	*37
*34/*37	*34/*34	50%	*37	*34	*34;*38;*34;*38;	No	*37	;	No	*37
*34/*37	*34/*34	50%	*37	*34	*34;*38;*34;*38;	No	*37	;	No	*37
*34/*37	*34/*34	50%	*37	*34	*34;*38;*34;*38;	No	*37	;	No	*37
*34/*37	*34/*34	50%	*37	*34	*34;*38;*34;*38;	No	*37	;	No	*37
*34/*38	*34/*38	100%		*34;*38	*34;*38;*38;	N/A		;	N/A	
*34/*39	*34/*39	100%		*34;*39	*34;*38;*39;*1;	N/A		;	N/A	
*3/*4	*3/*4	100%		*3;*4	*3;*1;*4;*1;	N/A		;	N/A	
*35/*35	*35/*35	100%		*35;*35	*35;*1;*35;*1;	N/A		;	N/A	
*35/*36	*35/*35	50%	*36	*35	*35;*1;*35;*1;	No	*36	;	No	*36
*35/*36	*35/*35	50%	*36	*35	*35;*1;*35;*1;	No	*36	;	No	*36
*35/*37	*35/*35	50%	*37	*35	*35;*38;*35;*1;	No	*37	;	No	*37
*35/*37	*35/*35	50%	*37	*35	*35;*38;*35;*1;	No	*37	;	No	*37
*35/*37	*35/*38	50%	*37	*35	*38;*35;*1;	No	*37	;	No	*37
*35/*37	*35/*35	50%	*37	*35	*35;*1;*35;*1;	No	*37	;	No	*37
*35/*37	*35/*35	50%	*37	*35	*35;*1;*35;*1;	No	*37	;	No	*37
*35/*38	*35/*38	100%		*35;*38	*38;*35;*1;	N/A		;	N/A	
*35/*39	*35/*39	100%		*35;*39	*39;*1;*35;*1;	N/A		;	N/A	
*3/*5	*3/*5	100%		*3;*5	*3;*1;*5;*1;	N/A		;	N/A	
*36/*36	*38/*38	0%	*36;*36		*38;*38;	No	*36;*36	;	No	*36;*36
*36/*36	*38/*38	0%	*36;*36		*38;*38;	No	*36;*36	;	No	*36;*36
*36/*37	*38/*38	0%	*36;*37		*38;*38;	No	*36;*37	;	No	*36;*37
*36/*37	*4/*4	0%	*36;*37		*4;*38;*4;*38;	No	*36;*37	;	No	*36;*37
*36/*37	*38/*38	0%	*36;*37		*38;*38;	No	*36;*37	;	No	*36;*37
*36/*37	*38/*38	0%	*36;*37		*38;*38;	No	*36;*37	;	No	*36;*37
*36/*37	*38/*38	0%	*36;*37		*38;*38;	No	*36;*37	;	No	*36;*37
*36/*38	*38/*38	50%	*36	*38	*38;*38;	No	*36	;	No	*36
*36/*39	*39/*39	50%	*36	*39	*39;*1;*39;*1;	No	*36	;	No	*36
*36/*36	*38/*38	0%	*36;*36		*38;*38;	No	*36;*36	;	No	*36;*36
*36/*37	*38/*38	0%	*36;*37		*38;*38;	No	*36;*37	;	No	*36;*37
*36/*37	*4/*4	0%	*36;*37		*4;*38;*4;*38;	No	*36;*37	;	No	*36;*37
*36/*37	*38/*38	0%	*36;*37		*38;*38;	No	*36;*37	;	No	*36;*37
*36/*37	*38/*38	0%	*36;*37		*38;*38;	No	*36;*37	;	No	*36;*37
*36/*37	*38/*38	0%	*36;*37		*38;*38;	No	*36;*37	;	No	*36;*37
*36/*38	*38/*38	50%	*36	*38	*38;*38;	No	*36	;	No	*36
*36/*39	*39/*39	50%	*36	*39	*39;*1;*39;*1;	No	*36	;	No	*36
*3/*6	*3/*6	100%		*3;*6	*3;*1;*6;*1;	N/A		;	N/A	
*37/*37	*38/*38	0%	*37;*37		*38;*38;	No	*37;*37	;	No	*37;*37
*37/*37	*4/*4	0%	*37;*37		*4;*38;*4;*38;	No	*37;*37	;	No	*37;*37
*37/*37	*38/*38	0%	*37;*37		*38;*38;	No	*37;*37	;	No	*37;*37
*37/*37	*38/*38	0%	*37;*37		*38;*38;	No	*37;*37	;	No	*37;*37
*37/*37	*38/*38	0%	*37;*37		*38;*38;	No	*37;*37	;	No	*37;*37
*37/*38	*38/*38	50%	*37	*38	*38;*38;	No	*37	;	No	*37
*37/*39	*39/*39	50%	*37	*39	*39;*38;*39;*1;	No	*37	;	No	*37
*37/*37	*4/*4	0%	*37;*37		*4;*38;*4;*38;	No	*37;*37	;	No	*37;*37
*37/*37	*38/*38	0%	*37;*37		*38;*38;	No	*37;*37	;	No	*37;*37
*37/*37	*38/*38	0%	*37;*37		*38;*38;	No	*37;*37	;	No	*37;*37
*37/*37	*38/*38	0%	*37;*37		*38;*38;	No	*37;*37	;	No	*37;*37
*37/*38	*38/*38	50%	*37	*38	*38;*38;	No	*37	;	No	*37
*37/*39	*39/*39	50%	*37	*39	*39;*38;*39;*1;	No	*37	;	No	*37
*37/*37	*38/*38	0%	*37;*37		*38;*38;	No	*37;*37	;	No	*37;*37
*37/*37	*38/*38	0%	*37;*37		*38;*38;	No	*37;*37	;	No	*37;*37
*37/*37	*38/*38	0%	*37;*37		*38;*38;	No	*37;*37	;	No	*37;*37
*37/*38	*38/*38	50%	*37	*38	*38;*38;	No	*37	;	No	*37
*37/*39	*15/*39	50%	*37	*39	*15;*1;*39;*38;	No	*37	;	No	*37
*37/*37	*38/*38	0%	*37;*37		*38;*38;	No	*37;*37	;	No	*37;*37
*37/*37	*38/*38	0%	*37;*37		*38;*38;	No	*37;*37	;	No	*37;*37
*37/*38	*38/*38	50%	*37	*38	*38;*38;	No	*37	;	No	*37
*37/*39	*39/*39	50%	*37	*39	*39;*1;*39;*1;	No	*37	;	No	*37
*37/*37	*38/*38	0%	*37;*37		*38;*38;	No	*37;*37	;	No	*37;*37
*37/*38	*38/*38	50%	*37	*38	*38;*38;	No	*37	;	No	*37
*37/*39	*39/*39	50%	*37	*39	*39;*1;*39;*1;	No	*37	;	No	*37
*3/*7	*3/*7	100%		*3;*7	*3;*1;*7;*1;	N/A		;	N/A	
*38/*38	*38/*38	100%		*38;*38	*38;*38;	N/A		;	N/A	
*38/*39	*15/*38	50%	*39	*38	*15;*1;*38;	No	*39	*39;	Yes	
*3/*8	*1/*3	50%	*8	*3	*1;*3;*8;*1;	Yes		;	N/A	
*39/*39	*39/*39	100%		*39;*39	*39;*1;*39;*1;	N/A		;	N/A	
*3/*9	*3/*9	100%		*3;*9	*9;*1;*3;*1;	N/A		;	N/A	
*4/*10	*4/*10	100%		*4;*10	*4;*1;*10;*1;	N/A		;	N/A	
*4/*11	*4/*11	100%		*4;*11	*4;*1;*11;*1;	N/A		;	N/A	
*4/*12	*4/*12	100%		*4;*12	*4;*1;*12;*1;	N/A		;	N/A	
*4/*13	*4/*13	100%		*4;*13	*4;*1;*13;*1;	N/A		;	N/A	
*4/*14	*4/*14	100%		*4;*14	*4;*1;*14;*1;	N/A		;	N/A	
*4/*15	*4/*15	100%		*4;*15	*15;*1;*4;*1;	N/A		;	N/A	
*4/*16	*4/*16	100%		*4;*16	*4;*1;*16;*38;	N/A		;	N/A	
*4/*17	*4/*17	100%		*4;*17	*17;*1;*4;*1;	N/A		;	N/A	
*4/*18	*4/*18	100%		*4;*18	*4;*1;*18;*1;	N/A		;	N/A	
*4/*19	*4/*19	100%		*4;*19	*4;*1;*19;*1;	N/A		;	N/A	
*4/*22	*4/*22	100%		*4;*22	*4;*1;*22;*1;	N/A		;	N/A	
*4/*23	*4/*23	100%		*4;*23	*4;*1;*23;*1;	N/A		;	N/A	
*4/*24	*4/*24	100%		*4;*24	*4;*1;*24;*1;	N/A		;	N/A	
*4/*25	*4/*25	100%		*4;*25	*4;*1;*25;*1;	N/A		;	N/A	
*4/*26	*4/*26	100%		*4;*26	*4;*1;*26;*1;	N/A		;	N/A	
*4/*28	*4/*28	100%		*4;*28	*28;*1;*4;*1;	N/A		;	N/A	
*4/*29	*4/*29	100%		*4;*29	*4;*1;*29;*1;	N/A		;	N/A	
*4/*30	*4/*30	100%		*4;*30	*4;*1;*30;*38;	N/A		;	N/A	
*4/*31	*4/*31	100%		*4;*31	*4;*1;*31;*1;	N/A		;	N/A	
*4/*32	*4/*32	100%		*4;*32	*4;*1;*32;*1;	N/A		;	N/A	
*4/*33	*4/*33	100%		*4;*33	*4;*1;*33;*1;	N/A		;	N/A	
*4/*34	*4/*34	100%		*4;*34	*34;*1;*4;*38;	N/A		;	N/A	
*4/*35	*4/*35	100%		*4;*35	*4;*1;*35;*1;	N/A		;	N/A	
*4/*36	*4/*4	50%	*36	*4	*4;*1;*4;*1;	No	*36	;	No	*36
*4/*36	*4/*4	50%	*36	*4	*4;*1;*4;*1;	No	*36	;	No	*36
*4/*37	*4/*4	50%	*37	*4	*4;*38;*4;*1;	No	*37	;	No	*37
*4/*37	*4/*4	50%	*37	*4	*4;*38;*4;*1;	No	*37	;	No	*37
*4/*37	*4/*4	50%	*37	*4	*4;*38;*4;*1;	No	*37	;	No	*37
*4/*37	*4/*4	50%	*37	*4	*4;*1;*4;*1;	No	*37	;	No	*37
*4/*37	*4/*4	50%	*37	*4	*4;*1;*4;*1;	No	*37	;	No	*37
*4/*38	*4/*38	100%		*4;*38	*4;*1;*38;	N/A		;	N/A	
*4/*39	*4/*15	50%	*39	*4	*15;*1;*4;*1;	No	*39	*39;	Yes	
*4/*4	*4/*4	100%		*4;*4	*4;*1;*4;*1;	N/A		;	N/A	
*4/*5	*4/*5	100%		*4;*5	*4;*1;*5;*1;	N/A		;	N/A	
*4/*6	*4/*6	100%		*4;*6	*4;*1;*6;*1;	N/A		;	N/A	
*4/*7	*4/*7	100%		*4;*7	*4;*1;*7;*1;	N/A		;	N/A	
*4/*8	*1/*4	50%	*8	*4	*1;*4;*8;*1;	Yes		;	N/A	
*4/*9	*4/*9	100%		*4;*9	*9;*1;*4;*1;	N/A		;	N/A	
*5/*10	*5/*10	100%		*5;*10	*10;*1;*5;*1;	N/A		;	N/A	
*5/*11	*5/*11	100%		*5;*11	*11;*1;*5;*1;	N/A		;	N/A	
*5/*12	*1/*5	50%	*12	*5	*1;*5;*12;*1;	Yes		;	N/A	
*5/*13	*1/*5	50%	*13	*5	*1;*5;*13;*1;	Yes		;	N/A	
*5/*14	*1/*5	50%	*14	*5	*1;*5;*14;*1;	Yes		;	N/A	
*5/*15	*5/*15	100%		*5;*15	*15;*1;*5;*1;	N/A		;	N/A	
*5/*16	*5/*38	50%	*16	*5	*38;*5;*16;*1;	Yes		;	N/A	
*5/*17	*5/*17	100%		*5;*17	*17;*1;*5;*1;	N/A		;	N/A	
*5/*18	*1/*5	50%	*18	*5	*1;*5;*18;*1;	Yes		;	N/A	
*5/*19	*1/*5	50%	*19	*5	*1;*5;*19;*1;	Yes		;	N/A	
*5/*22	*5/*22	100%		*5;*22	*22;*1;*5;*1;	N/A		;	N/A	
*5/*23	*1/*5	50%	*23	*5	*1;*5;*23;*1;	Yes		;	N/A	
*5/*24	*1/*5	50%	*24	*5	*1;*5;*24;*1;	Yes		;	N/A	
*5/*25	*1/*5	50%	*25	*5	*1;*5;*25;*1;	Yes		;	N/A	
*5/*26	*1/*5	50%	*26	*5	*1;*5;*26;*1;	Yes		;	N/A	
*5/*28	*5/*28	100%		*5;*28	*28;*1;*5;*1;	N/A		;	N/A	
*5/*29	*1/*5	50%	*29	*5	*1;*5;*29;*1;	Yes		;	N/A	
*5/*30	*5/*38	50%	*30	*5	*38;*5;*30;*1;	Yes		;	N/A	
*5/*31	*1/*5	50%	*31	*5	*1;*5;*31;*1;	Yes		;	N/A	
*5/*32	*1/*5	50%	*32	*5	*1;*5;*32;*1;	Yes		;	N/A	
*5/*33	*1/*5	50%	*33	*5	*1;*5;*33;*1;	Yes		;	N/A	
*5/*34	*5/*34	100%		*5;*34	*34;*1;*5;*38;	N/A		;	N/A	
*5/*35	*1/*5	50%	*35	*5	*1;*5;*35;*1;	Yes		;	N/A	
*5/*36	*5/*5	50%	*36	*5	*5;*1;*5;*1;	No	*36	;	No	*36
*5/*36	*5/*5	50%	*36	*5	*5;*1;*5;*1;	No	*36	;	No	*36
*5/*37	*5/*38	50%	*37	*5	*38;*5;*1;	No	*37	;	No	*37
*5/*37	*5/*38	50%	*37	*5	*38;*5;*1;	No	*37	;	No	*37
*5/*37	*5/*38	50%	*37	*5	*38;*5;*1;	No	*37	;	No	*37
*5/*37	*1/*5	50%	*37	*5	*1;*5;*1;	No	*37	;	No	*37
*5/*37	*1/*5	50%	*37	*5	*1;*5;*1;	No	*37	;	No	*37
*5/*38	*5/*38	100%		*5;*38	*38;*5;*1;	N/A		;	N/A	
*5/*39	*5/*15	50%	*39	*5	*15;*1;*5;*1;	No	*39	*39;	Yes	
*5/*5	*5/*5	100%		*5;*5	*5;*1;*5;*1;	N/A		;	N/A	
*5/*6	*1/*5	50%	*6	*5	*1;*5;*6;*1;	Yes		;	N/A	
*5/*7	*1/*5	50%	*7	*5	*1;*5;*7;*1;	Yes		;	N/A	
*5/*8	*1/*5	50%	*8	*5	*1;*5;*8;*1;	Yes		;	N/A	
*5/*9	*5/*9	100%		*5;*9	*9;*1;*5;*1;	N/A		;	N/A	
*6/*10	*6/*10	100%		*6;*10	*10;*1;*6;*1;	N/A		;	N/A	
*6/*11	*6/*11	100%		*6;*11	*11;*1;*6;*1;	N/A		;	N/A	
*6/*12	*1/*6	50%	*12	*6	*1;*6;*12;*1;	Yes		;	N/A	
*6/*13	*1/*6	50%	*13	*6	*1;*6;*13;*1;	Yes		;	N/A	
*6/*14	*1/*6	50%	*14	*6	*1;*6;*14;*1;	Yes		;	N/A	
*6/*15	*6/*15	100%		*6;*15	*15;*1;*6;*1;	N/A		;	N/A	
*6/*16	*6/*38	50%	*16	*6	*38;*6;*16;*1;	Yes		;	N/A	
*6/*17	*6/*17	100%		*6;*17	*17;*1;*6;*1;	N/A		;	N/A	
*6/*18	*1/*6	50%	*18	*6	*1;*6;*18;*1;	Yes		;	N/A	
*6/*19	*1/*6	50%	*19	*6	*1;*6;*19;*1;	Yes		;	N/A	
*6/*22	*6/*22	100%		*6;*22	*22;*1;*6;*1;	N/A		;	N/A	
*6/*23	*1/*6	50%	*23	*6	*1;*6;*23;*1;	Yes		;	N/A	
*6/*24	*1/*6	50%	*24	*6	*1;*6;*24;*1;	Yes		;	N/A	
*6/*25	*1/*6	50%	*25	*6	*1;*6;*25;*1;	Yes		;	N/A	
*6/*26	*1/*6	50%	*26	*6	*1;*6;*26;*1;	Yes		;	N/A	
*6/*28	*6/*28	100%		*6;*28	*28;*1;*6;*1;	N/A		;	N/A	
*6/*29	*1/*6	50%	*29	*6	*1;*6;*29;*1;	Yes		;	N/A	
*6/*30	*6/*38	50%	*30	*6	*38;*6;*30;*1;	Yes		;	N/A	
*6/*31	*1/*6	50%	*31	*6	*1;*6;*31;*1;	Yes		;	N/A	
*6/*32	*1/*6	50%	*32	*6	*1;*6;*32;*1;	Yes		;	N/A	
*6/*33	*1/*6	50%	*33	*6	*1;*6;*33;*1;	Yes		;	N/A	
*6/*34	*6/*34	100%		*6;*34	*34;*1;*6;*38;	N/A		;	N/A	
*6/*35	*1/*6	50%	*35	*6	*1;*6;*35;*1;	Yes		;	N/A	
*6/*36	*6/*6	50%	*36	*6	*6;*1;*6;*1;	No	*36	;	No	*36
*6/*36	*6/*6	50%	*36	*6	*6;*1;*6;*1;	No	*36	;	No	*36
*6/*37	*6/*6	50%	*37	*6	*6;*38;*6;*1;	No	*37	;	No	*37
*6/*37	*6/*6	50%	*37	*6	*6;*38;*6;*1;	No	*37	;	No	*37
*6/*37	*6/*38	50%	*37	*6	*38;*6;*1;	No	*37	;	No	*37
*6/*37	*6/*6	50%	*37	*6	*6;*1;*6;*1;	No	*37	;	No	*37
*6/*37	*6/*6	50%	*37	*6	*6;*1;*6;*1;	No	*37	;	No	*37
*6/*38	*6/*38	100%		*6;*38	*38;*6;*1;	N/A		;	N/A	
*6/*39	*6/*15	50%	*39	*6	*15;*1;*6;*1;	No	*39	*39;	Yes	
*6/*6	*6/*6	100%		*6;*6	*6;*1;*6;*1;	N/A		;	N/A	
*6/*7	*1/*6	50%	*7	*6	*1;*6;*7;*1;	Yes		;	N/A	
*6/*8	*1/*6	50%	*8	*6	*1;*6;*8;*1;	Yes		;	N/A	
*6/*9	*6/*9	100%		*6;*9	*9;*1;*6;*1;	N/A		;	N/A	
*7/*10	*7/*10	100%		*7;*10	*10;*1;*7;*1;	N/A		;	N/A	
*7/*11	*7/*11	100%		*7;*11	*11;*1;*7;*1;	N/A		;	N/A	
*7/*12	*1/*7	50%	*12	*7	*1;*7;*12;*1;	Yes		;	N/A	
*7/*13	*1/*7	50%	*13	*7	*1;*7;*13;*1;	Yes		;	N/A	
*7/*14	*1/*7	50%	*14	*7	*1;*7;*14;*1;	Yes		;	N/A	
*7/*15	*7/*15	100%		*7;*15	*15;*1;*7;*1;	N/A		;	N/A	
*7/*16	*7/*38	50%	*16	*7	*38;*7;*16;*1;	Yes		;	N/A	
*7/*17	*7/*17	100%		*7;*17	*17;*1;*7;*1;	N/A		;	N/A	
*7/*18	*1/*7	50%	*18	*7	*1;*7;*18;*1;	Yes		;	N/A	
*7/*19	*1/*7	50%	*19	*7	*1;*7;*19;*1;	Yes		;	N/A	
*7/*22	*7/*22	100%		*7;*22	*22;*1;*7;*1;	N/A		;	N/A	
*7/*23	*1/*7	50%	*23	*7	*1;*7;*23;*1;	Yes		;	N/A	
*7/*24	*1/*7	50%	*24	*7	*1;*7;*24;*1;	Yes		;	N/A	
*7/*25	*1/*7	50%	*25	*7	*1;*7;*25;*1;	Yes		;	N/A	
*7/*26	*1/*7	50%	*26	*7	*1;*7;*26;*1;	Yes		;	N/A	
*7/*28	*7/*28	100%		*7;*28	*28;*1;*7;*1;	N/A		;	N/A	
*7/*29	*1/*7	50%	*29	*7	*1;*7;*29;*1;	Yes		;	N/A	
*7/*30	*7/*38	50%	*30	*7	*38;*7;*30;*1;	Yes		;	N/A	
*7/*31	*1/*7	50%	*31	*7	*1;*7;*31;*1;	Yes		;	N/A	
*7/*32	*1/*7	50%	*32	*7	*1;*7;*32;*1;	Yes		;	N/A	
*7/*33	*1/*7	50%	*33	*7	*1;*7;*33;*1;	Yes		;	N/A	
*7/*34	*7/*34	100%		*7;*34	*34;*1;*7;*38;	N/A		;	N/A	
*7/*35	*1/*7	50%	*35	*7	*1;*7;*35;*1;	Yes		;	N/A	
*7/*36	*7/*7	50%	*36	*7	*7;*1;*7;*1;	No	*36	;	No	*36
*7/*36	*7/*7	50%	*36	*7	*7;*1;*7;*1;	No	*36	;	No	*36
*7/*37	*7/*38	50%	*37	*7	*38;*7;*1;	No	*37	;	No	*37
*7/*37	*7/*38	50%	*37	*7	*38;*7;*1;	No	*37	;	No	*37
*7/*37	*7/*38	50%	*37	*7	*38;*7;*1;	No	*37	;	No	*37
*7/*37	*7/*7	50%	*37	*7	*7;*1;*7;*1;	No	*37	;	No	*37
*7/*37	*7/*7	50%	*37	*7	*7;*1;*7;*1;	No	*37	;	No	*37
*7/*38	*7/*38	100%		*7;*38	*38;*7;*1;	N/A		;	N/A	
*7/*39	*7/*15	50%	*39	*7	*15;*1;*7;*1;	No	*39	*39;	Yes	
*7/*7	*7/*7	100%		*7;*7	*7;*1;*7;*1;	N/A		;	N/A	
*7/*8	*1/*7	50%	*8	*7	*1;*7;*8;*1;	Yes		;	N/A	
*7/*9	*7/*9	100%		*7;*9	*9;*1;*7;*1;	N/A		;	N/A	
*8/*10	*8/*10	100%		*8;*10	*8;*1;*10;*1;	N/A		;	N/A	
*8/*11	*8/*11	100%		*8;*11	*8;*1;*11;*1;	N/A		;	N/A	
*8/*12	*8/*12	100%		*8;*12	*8;*1;*12;*1;	N/A		;	N/A	
*8/*13	*8/*13	100%		*8;*13	*8;*1;*13;*1;	N/A		;	N/A	
*8/*14	*8/*14	100%		*8;*14	*8;*1;*14;*1;	N/A		;	N/A	
*8/*15	*8/*15	100%		*8;*15	*15;*1;*8;*1;	N/A		;	N/A	
*8/*16	*8/*16	100%		*8;*16	*8;*1;*16;*38;	N/A		;	N/A	
*8/*17	*8/*17	100%		*8;*17	*17;*1;*8;*1;	N/A		;	N/A	
*8/*18	*8/*18	100%		*8;*18	*8;*1;*18;*1;	N/A		;	N/A	
*8/*19	*8/*19	100%		*8;*19	*8;*1;*19;*1;	N/A		;	N/A	
*8/*22	*8/*22	100%		*8;*22	*8;*1;*22;*1;	N/A		;	N/A	
*8/*23	*8/*23	100%		*8;*23	*8;*1;*23;*1;	N/A		;	N/A	
*8/*24	*8/*24	100%		*8;*24	*8;*1;*24;*1;	N/A		;	N/A	
*8/*25	*8/*25	100%		*8;*25	*8;*1;*25;*1;	N/A		;	N/A	
*8/*26	*8/*26	100%		*8;*26	*8;*1;*26;*1;	N/A		;	N/A	
*8/*28	*8/*28	100%		*8;*28	*28;*1;*8;*1;	N/A		;	N/A	
*8/*29	*8/*29	100%		*8;*29	*8;*1;*29;*1;	N/A		;	N/A	
*8/*30	*8/*30	100%		*8;*30	*8;*1;*30;*38;	N/A		;	N/A	
*8/*31	*8/*31	100%		*8;*31	*8;*1;*31;*1;	N/A		;	N/A	
*8/*32	*8/*32	100%		*8;*32	*8;*1;*32;*1;	N/A		;	N/A	
*8/*33	*8/*33	100%		*8;*33	*8;*1;*33;*1;	N/A		;	N/A	
*8/*34	*8/*34	100%		*8;*34	*34;*38;*8;*1;	N/A		;	N/A	
*8/*35	*8/*35	100%		*8;*35	*8;*1;*35;*1;	N/A		;	N/A	
*8/*36	*8/*8	50%	*36	*8	*8;*1;*8;*1;	No	*36	;	No	*36
*8/*36	*8/*8	50%	*36	*8	*8;*1;*8;*1;	No	*36	;	No	*36
*8/*37	*8/*8	50%	*37	*8	*8;*38;*8;*1;	No	*37	;	No	*37
*8/*37	*8/*8	50%	*37	*8	*8;*38;*8;*1;	No	*37	;	No	*37
*8/*37	*8/*38	50%	*37	*8	*8;*1;*38;	No	*37	;	No	*37
*8/*37	*8/*8	50%	*37	*8	*8;*1;*8;*1;	No	*37	;	No	*37
*8/*37	*8/*8	50%	*37	*8	*8;*1;*8;*1;	No	*37	;	No	*37
*8/*38	*8/*38	100%		*8;*38	*8;*1;*38;	N/A		;	N/A	
*8/*39	*8/*15	50%	*39	*8	*15;*1;*8;*1;	No	*39	*39;	Yes	
*8/*8	*8/*8	100%		*8;*8	*8;*1;*8;*1;	N/A		;	N/A	
*8/*9	*8/*9	100%		*8;*9	*8;*1;*9;*1;	N/A		;	N/A	
*9/*10	*9/*10	100%		*9;*10	*9;*1;*10;*1;	N/A		;	N/A	
*9/*11	*9/*11	100%		*9;*11	*9;*1;*11;*1;	N/A		;	N/A	
*9/*12	*9/*12	100%		*9;*12	*9;*1;*12;*1;	N/A		;	N/A	
*9/*13	*9/*13	100%		*9;*13	*9;*1;*13;*1;	N/A		;	N/A	
*9/*14	*9/*14	100%		*9;*14	*9;*1;*14;*1;	N/A		;	N/A	
*9/*15	*9/*15	100%		*9;*15	*15;*1;*9;*1;	N/A		;	N/A	
*9/*16	*9/*16	100%		*9;*16	*9;*1;*16;*38;	N/A		;	N/A	
*9/*17	*9/*17	100%		*9;*17	*17;*1;*9;*1;	N/A		;	N/A	
*9/*18	*9/*18	100%		*9;*18	*9;*1;*18;*1;	N/A		;	N/A	
*9/*19	*9/*19	100%		*9;*19	*9;*1;*19;*1;	N/A		;	N/A	
*9/*22	*9/*22	100%		*9;*22	*9;*1;*22;*1;	N/A		;	N/A	
*9/*23	*9/*23	100%		*9;*23	*9;*1;*23;*1;	N/A		;	N/A	
*9/*24	*9/*24	100%		*9;*24	*9;*1;*24;*1;	N/A		;	N/A	
*9/*25	*9/*25	100%		*9;*25	*9;*1;*25;*1;	N/A		;	N/A	
*9/*26	*9/*26	100%		*9;*26	*9;*1;*26;*1;	N/A		;	N/A	
*9/*28	*9/*28	100%		*9;*28	*28;*1;*9;*1;	N/A		;	N/A	
*9/*29	*9/*29	100%		*9;*29	*9;*1;*29;*1;	N/A		;	N/A	
*9/*30	*9/*30	100%		*9;*30	*9;*1;*30;*38;	N/A		;	N/A	
*9/*31	*9/*31	100%		*9;*31	*9;*1;*31;*1;	N/A		;	N/A	
*9/*32	*9/*32	100%		*9;*32	*9;*1;*32;*1;	N/A		;	N/A	
*9/*33	*9/*33	100%		*9;*33	*9;*1;*33;*1;	N/A		;	N/A	
*9/*34	*9/*34	100%		*9;*34	*34;*38;*9;*1;	N/A		;	N/A	
*9/*35	*9/*35	100%		*9;*35	*9;*1;*35;*1;	N/A		;	N/A	
*9/*36	*9/*9	50%	*36	*9	*9;*1;*9;*1;	No	*36	;	No	*36
*9/*36	*9/*9	50%	*36	*9	*9;*1;*9;*1;	No	*36	;	No	*36
*9/*37	*9/*9	50%	*37	*9	*9;*38;*9;*1;	No	*37	;	No	*37
*9/*37	*9/*9	50%	*37	*9	*9;*38;*9;*1;	No	*37	;	No	*37
*9/*37	*9/*38	50%	*37	*9	*9;*1;*38;	No	*37	;	No	*37
*9/*37	*9/*9	50%	*37	*9	*9;*1;*9;*1;	No	*37	;	No	*37
*9/*37	*9/*9	50%	*37	*9	*9;*1;*9;*1;	No	*37	;	No	*37
*9/*38	*9/*38	100%		*9;*38	*9;*1;*38;	N/A		;	N/A	
*9/*39	*9/*15	50%	*39	*9	*15;*1;*9;*1;	No	*39	*39;	Yes	
*9/*9	*9/*9	100%		*9;*9	*9;*1;*9;*1;	N/A		;	N/A	
